cohort_id,cohort_code,start_date,end_date,size
Cohort#,B456514,1680499800000,1682962200000,1500
Cohort#,B328821,1673847000000,1676914200000,1000
Cohort#,B289256,1668400200000,1671078600000,100000
Cohort#,B0VCB0F,1663891200000,1663893900000,40
Cohort#,B908347,1673242200000,1676309400000,100000
Cohort#,B306047,1673242200000,1676309400000,10000
Cohort#,B883644,1656646200000,1659238200000,1500
Cohort#,B280844,1668400200000,1671078600000,100000
Cohort#,B466039,1664771400000,1667449800000,100000
Cohort#,B606140,1673242200000,1676309400000,10000
Cohort#,B759124,1665372600000,1668529800000,1500
Cohort#,B304681,1664771400000,1667449800000,100000
Cohort#,B809432,1657891800000,1657891800000,143
Cohort#,B495792,1657891800000,1657902600000,1771
Cohort#,B825986,1680499800000,1682962200000,1500
Cohort#,B561611,1680499800000,1682962200000,1500
Cohort#,B844465,1673242200000,1676309400000,100000
Cohort#,B888584,1675143000000,1678037400000,1500
Cohort#,B688987,1665372600000,1668529800000,1500
Cohort#,B353436,1678167000000,1680629400000,1500
Cohort#,B821192,1656646200000,1659238200000,1000
Cohort#,B988921,1673242200000,1676309400000,100000
Cohort#,B689052,1656646200000,1659238200000,1500
Cohort#,B143218,1672943439000,1767639159000,500
Cohort#,B399823,1654851900000,1655111100000,11
Cohort#,B222554,1667791800000,1670862600000,1500
Cohort#,B488218,1656646200000,1659238200000,1500
Cohort#,B155364,1665981000000,1668659400000,100000
Cohort#,B701678,1663286400000,1663289100000,50
Cohort#,B637075,1657895400000,1657902600000,999
Cohort#,B495920,1662089400000,1665246600000,1500
Cohort#,B880483,1662681600000,1662684300000,40
Cohort#,B993126,1673242200000,1676309400000,100000
Cohort#,B322726,1654764720000,1654860600000,10
Cohort#,B506731,1673847000000,1676914200000,10000
Cohort#,B494001,1666544400000,1666551600000,60
Cohort#,B260744,1662089400000,1664681400000,500
Cohort#,B975943,1662089400000,1665246600000,1500
Cohort#,B357536,1672944759959,1672945119000,100000
Cohort#,BSGY1WA,1736726400000,1739256180000,800
Cohort#,B663194,1667791800000,1670862600000,1500
Cohort#,B389672,1665117000000,1670387400000,30
Cohort#,B374218,1673242200000,1676309400000,10000
Cohort#,B172386,1675143000000,1678037400000,1500
Cohort#,B167540,1667791800000,1670862600000,1500
Cohort#,B251425,1662089400000,1665246600000,1500
Cohort#,B390810,1665981000000,1668659400000,100000
Cohort#,B938139,1656646200000,1659238200000,1500
Cohort#,B834323,1673242200000,1676309400000,100000
Cohort#,B990673,1668400200000,1671078600000,100000
Cohort#,B604365,1675143000000,1678037400000,1500
Cohort#,B270433,1678167000000,1680629400000,1500
Cohort#,B886949,1680499800000,1682962200000,1500
Cohort#,B356530,1678167000000,1680629400000,1500
Cohort#,B270308,1656646200000,1659238200000,1000
Cohort#,B848143,1657891800000,1657902600000,155
Cohort#,B654176,1673242200000,1676309400000,10000
Cohort#,B826127,1664771400000,1667449800000,100000
Cohort#,B440314,1665842400000,1665849600000,60
Cohort#,B468843,1667791800000,1670862600000,1500
Cohort#,B253018,1673847000000,1676914200000,10000
Cohort#,BCDLZQX,1736899200000,1738796340000,950
Cohort#,B145743,1665372600000,1668529800000,1500
Cohort#,B782702,1665372600000,1668529800000,1500
Cohort#,B368825,1668787200000,1668798000000,100
Cohort#,B509171,1665981000000,1668659400000,100000
Cohort#,B418027,1675143000000,1678037400000,1500
Cohort#,B195186,1657891800000,1657902600000,199
Cohort#,B334245,1661747400000,1703962359000,2500
Cohort#,B812810,1665981000000,1668659400000,100000
Cohort#,B210167,1673847000000,1676914200000,10000
Cohort#,B329270,1658305802000,1658309402000,100
Cohort#,B840650,1668400200000,1671078600000,100000
Cohort#,B390753,1673242200000,1676309400000,100000
Cohort#,B283428,1675143000000,1678037400000,1500
Cohort#,B986905,1667500239000,1711911159000,1504
Cohort#,B651289,1665981000000,1668659400000,100000
Cohort#,B573705,1670218200000,1673890200000,100000
Cohort#,B284238,1678167000000,1680629400000,1500
Cohort#,B648724,1657897200000,1657908000000,999
Cohort#,B341571,1680499800000,1682962200000,1500
Cohort#,B769162,1662089400000,1665246600000,1500
Cohort#,B783034,1668400200000,1671078600000,100000
Cohort#,B997399,1673242200000,1676309400000,100000
Cohort#,B552375,1673242200000,1676309400000,10000
Cohort#,B361494,1667791800000,1670862600000,1500
Cohort#,B308772,1678167000000,1680629400000,1500
Cohort#,B514168,1673242200000,1676309400000,100000
Cohort#,B782342,1673847000000,1676914200000,10000
Cohort#,B176092,1655095262000,1657687262000,100
Cohort#,B368282,1665372600000,1668529800000,1500
Cohort#,B447090,1668096000000,1668106800000,100
Cohort#,B128284,1662089400000,1665246600000,1500
Cohort#,B264641,1664771400000,1667449800000,100000
Cohort#,B901534,1664771400000,1667449800000,100000
Cohort#,B849636,1672944759000,1677670606000,100000
Cohort#,B420064,1665372600000,1668529800000,1500
Cohort#,B310733,1667791800000,1670862600000,1500
Cohort#,B102570,1678167000000,1680629400000,1500
Cohort#,B566990,1680499800000,1682962200000,1500
Cohort#,B975332,1672945119000,1672947039000,64
Cohort#,B656871,1675143000000,1678037400000,1500
Cohort#,B235707,1662089400000,1665246600000,1500
Cohort#,B780948,1666963800000,1666967400000,100000
Cohort#,B598013,1673242200000,1676309400000,100000
Cohort#,B7HF2SU,1733097600000,1735627380000,800
Cohort#,B570DHJ,1719792000000,1722321780000,800
Cohort#,BZR9AJA,1715279400000,1721068140000,1500
Cohort#,BWQ9C7C,1722816000000,1725432180000,800
Cohort#,BAM6HBR,1679279400000,1719764330000,1800
Cohort#,BTBP8DL,1728877740000,1731556140000,1600
Cohort#,BGRQZ2N,1716852600000,1770679800000,1780
Cohort#,BDM3WQQ,1709510400000,1712040180000,800
Cohort#,BPPMQ44,1691382600000,1694406600000,10000
Cohort#,B964196,1680499800000,1682962200000,1500
Cohort#,BGAA4R6,1682908200000,1685413800000,300
Cohort#,B8P8093,1717372800000,1719902580000,800
Cohort#,BX9VDU1,1727047800000,1729611000000,1600
Cohort#,BZCKOX4,1709510400000,1712040180000,800
Cohort#,B9FU29Y,1726234200000,1727407080000,1600
Cohort#,BULL239,1712534400000,1715061600000,500
Cohort#,BXCEI2Q,1693189800000,1696177800000,1000
Cohort#,BWRXV4Z,1701707516000,1704731516000,216
Cohort#,BMB7W8P,1686895920000,1704003120000,1000
Cohort#,BTNDYST,1735315860000,1737303060000,1500
Cohort#,BOP8KDY,1710720000000,1713249780000,800
Cohort#,B7FTJOZ,1692156900000,1692988199000,200
Cohort#,BPTM9TL,1709510400000,1712040180000,800
Cohort#,BZM769W,1730444694000,1767177420000,1000
Cohort#,BW0A3UD,1718582400000,1721112180000,800
Cohort#,BKCDFG7,1719792000000,1722321780000,800
Cohort#,BGW5VEN,1722450540000,1725129000000,500
Cohort#,B6QHKJ0,1731293880000,1740335340000,1600
Cohort#,BWRWWDE,1704683040000,1707120240000,1000
Cohort#,BKQ872R,1728259200000,1730961780000,800
Cohort#,B6XIIFV,1724023800000,1726702200000,1500
Cohort#,BS83JB6,1688956200000,1691980200000,300
Cohort#,BBV9SY2,1737088200000,1738297800000,500
Cohort#,B5D9R2M,1738066260000,1738239060000,3
Cohort#,BIA6FGR,1728259200000,1730961780000,800
Cohort#,B26TXO4,1684981800000,1688092200000,300
Cohort#,BKQMVH4,1699237800000,1702261800000,200
Cohort#,BGFN3JO,1725235200000,1727764980000,800
Cohort#,BFRBJEE,1697460307000,1697992252000,30
Cohort#,BTB0RZT,1686537000000,1689561000000,300
Cohort#,BL17F08,1732847340000,1734287340000,1600
Cohort#,BC9A1OB,1704684646000,1707622246000,1000
Cohort#,B116753,1678674648000,1681698648000,200
Cohort#,B0X4DLO,1708300800000,1710830580000,800
Cohort#,BYEJQBW,1713139200000,1715666400000,500
Cohort#,BD82EFD,1722816000000,1725432180000,800
Cohort#,B9NCWXY,1712016000000,1714674540000,100
Cohort#,BSX5HX3,1728862200000,1731425400000,1600
Cohort#,BWKZOGI,1679452200000,1711125000000,200
Cohort#,BAPXRMZ,1722816000000,1725432180000,800
Cohort#,BZSHIP4,1708300800000,1710830580000,800
Cohort#,B8G5RSP,1701707516000,1704731516000,211
Cohort#,BCXC21V,1730678400000,1733208180000,800
Cohort#,BSHACJG,1720744200000,1722448800000,100
Cohort#,B56C24G,1728259200000,1730961780000,800
Cohort#,BL74Y6G,1722850200000,1723547220000,300
Cohort#,B153024,1675143000000,1678037400000,1500
Cohort#,BM599CC,1722816000000,1725432180000,800
Cohort#,BO5B6A5,1709510400000,1712040180000,800
Cohort#,BSJZJCF,1687141800000,1689561000000,300
Cohort#,B0GMG1X,1732716000000,1733936400000,500
Cohort#,BN62VJ3,1679884200000,1682940600000,200
Cohort#,BWQTGTV,1707091200000,1709620980000,800
Cohort#,BRXGN84,1725235200000,1727764980000,800
Cohort#,BOXXJD4,1740218340000,1745747940000,1200
Cohort#,BUUPEAO,1728259200000,1730961780000,800
Cohort#,BJR1L8X,1693801800000,1696739400000,100000
Cohort#,BBL001D,1727445600000,1728662340000,1600
Cohort#,BYT6K43,1710720000000,1713249780000,800
Cohort#,B9CQ46V,1687141800000,1690734600000,300
Cohort#,BW39LFS,1679452200000,1680867000000,30
Cohort#,B6ZTRTR,1719342000000,1720624200000,250
Cohort#,BQXP7YJ,1730678400000,1733208180000,800
Cohort#,B4AMRWH,1712534400000,1715061600000,499
Cohort#,BGBWW5I,1728259200000,1730961780000,800
Cohort#,BCI72YB,1708300800000,1710830580000,800
Cohort#,BRP82YB,1717716840000,1720376820000,100
Cohort#,BZBACW8,1692599454000,1764939540000,1000
Cohort#,BOH8SSJ,1685455220000,1685946080000,200
Cohort#,BRT9C8P,1692592200000,1695702600000,1000
Cohort#,B511309,1678674648000,1681698648000,200
Cohort#,BHS6IBB,1722816000000,1725432180000,800
Cohort#,B78G0ND,1686049560000,1764932760000,1000
Cohort#,B43E1MB,1692592200000,1695702600000,1000
Cohort#,B73QELN,1721655000000,1722621600000,1500
Cohort#,BHOIHR4,1719792000000,1722321780000,793
Cohort#,B6NFTEM,1728259200000,1730961780000,800
Cohort#,BJWU6GQ,1736726400000,1739256180000,800
Cohort#,BN42GTI,1730089860000,1735446660000,1594
Cohort#,BVKPUET,1714950060000,1717698060000,100
Cohort#,BLQ6D0B,1704412800000,1730961780000,800
Cohort#,B5O8J5R,1713139200000,1715666400000,500
Cohort#,BH9OKIU,1722816000000,1725432180000,800
Cohort#,BXMTBFM,1722798000000,1728239340000,1600
Cohort#,BLHWY32,1718582400000,1721112180000,800
Cohort#,BDR94H4,1739129460000,1741199340000,1500
Cohort#,BPKHOZG,1701657023000,1704594623000,1000
Cohort#,BCYHI8A,1687141800000,1689561000000,300
Cohort#,BSBRBAU,1701058020000,1703218020000,1000
Cohort#,BS4WI1D,1722816000000,1725432180000,800
Cohort#,BVISAQY,1704684646000,1707622246000,1000
Cohort#,B7T2WAZ,1733702400000,1735713780000,800
Cohort#,BUOXPV8,1713139200000,1715666400000,500
Cohort#,BRTCVG9,1688524200000,1691202600000,300
Cohort#,BBK3FW0,1734481800000,1739212140000,999
Cohort#,BOCDWWO,1687746600000,1690814460000,300
Cohort#,BVWF7RL,1712534400000,1715061600000,500
Cohort#,BJJFVR8,1716575400000,1724869740000,1500
Cohort#,BTSTK06,1736121600000,1738651380000,800
Cohort#,BONPKMK,1730444694000,1767177660000,1000
Cohort#,BJ1GJ10,1686897900000,1704005100000,100
Cohort#,BG2F4M6,1701657023000,1704594623000,1000
Cohort#,B5MZ9C8,1719790560000,1722536940000,100
Cohort#,BGW5LZ1,1707091200000,1709620980000,800
Cohort#,BJ0EZBY,1728259200000,1730961780000,800
Cohort#,BY0CCYV,1722816000000,1725517740000,100
Cohort#,BG9O2UX,1738540800000,1741070580000,800
Cohort#,B8L5EQI,1683513000000,1686277800000,300
Cohort#,B150516,1678674648000,1681698648000,200
Cohort#,BVMF66T,1719923400000,1722842760000,500
Cohort#,BGFRKIS,1681093800000,1683945000000,300
Cohort#,BTKOGC5,1704412800000,1733208180000,800
Cohort#,BTBZVC2,1707091200000,1709620980000,800
Cohort#,B48SJMP,1732681800000,1733805000000,500
Cohort#,B7CYMYC,1686537000000,1689561000000,300
Cohort#,BL9VE8I,1733740200000,1750412400000,1300
Cohort#,BRJ653N,1738540800000,1741070580000,800
Cohort#,BAKW09C,1703167200000,1703613120000,1000
Cohort#,B9PDMC4,1726457160000,1727666820000,1600
Cohort#,BI7BG3Y,1733097600000,1735627380000,800
Cohort#,BMQYY8T,1713139200000,1715666400000,500
Cohort#,B8CV4P1,1681957800000,1685032200000,200
Cohort#,BLHNUFL,1728638400000,1728897600000,1600
Cohort#,BQ1XMRD,1697460307000,1697992252000,30
Cohort#,B4XFYWN,1721899800000,1722313800000,500
Cohort#,B8I4KWL,1715711400000,1719512940000,1500
Cohort#,B0II05H,1707091200000,1709620980000,800
Cohort#,B6MZ4HK,1711925759000,1743548100000,1502
Cohort#,BNMJZUM,1685932200000,1688351400000,300
Cohort#,BCIM423,1681093800000,1683945000000,300
Cohort#,BGTN3BX,1710720000000,1713249780000,800
Cohort#,B2MDY10,1727060580000,1732935900000,1600
Cohort#,BYY7FAG,1736901060000,1738952940000,1500
Cohort#,BOXE2J1,1730678400000,1733208180000,800
Cohort#,BAJRMK1,1713139200000,1715666400000,500
Cohort#,BZZU6M0,1737127800000,1738264020000,500
Cohort#,BEXFE8O,1718667000000,1750203000000,1600
Cohort#,BP62DPQ,1733719440000,1738298640000,1300
Cohort#,BQFHE1J,1700447400000,1704111060000,1000
Cohort#,BB9HDR8,1705881600000,1708411380000,800
Cohort#,B261518,1678674648000,1681698648000,200
Cohort#,BITZSJS,1713139200000,1715666400000,500
Cohort#,BS2JWLL,1718582400000,1721112180000,800
Cohort#,B0KJRA2,1733097600000,1735627380000,800
Cohort#,BMSCD6J,1711045800000,1715020140000,1000
Cohort#,B26QMNY,1739145600000,1741675380000,800
Cohort#,B4LQ8LH,1698847223000,1705327223000,1000
Cohort#,BP5HG9S,1718364600000,1720978200000,25
Cohort#,B3X8GCC,1690165800000,1693189800000,300
Cohort#,BQC4AM7,1692592200000,1695702600000,10000
Cohort#,BQQX40N,1739752200000,1741023000000,1500
Cohort#,B72622M,1732492800000,1739212140000,700
Cohort#,B734087,1679884248000,1682908248000,200
Cohort#,BJQ380Q,1738540800000,1741070580000,800
Cohort#,BDEVUZU,1738540800000,1741070580000,800
Cohort#,BTTD3QZ,1696213800000,1699237800000,200
Cohort#,BLOALX6,1688956200000,1691980200000,300
Cohort#,BU6DOII,1725174294000,1765017060000,1000
Cohort#,BVW8Y4X,1705881600000,1708411380000,800
Cohort#,BTXP7NW,1710720000000,1713249780000,800
Cohort#,B33DICM,1714953600000,1717698540000,100
Cohort#,BD6IT06,1717139094000,1765016760000,1500
Cohort#,BS49BB4,1682908200000,1685413800000,300
Cohort#,BOQII0U,1727060580000,1732935900000,1600
Cohort#,BQIXM82,1728259200000,1730961780000,800
Cohort#,BXF2IY8,1722816000000,1725432180000,800
Cohort#,BIYM5IR,1738540800000,1741070580000,1200
Cohort#,B7WHFBD,1682604000000,1682865000000,300
Cohort#,BW2XBHQ,1733702400000,1735713780000,800
Cohort#,B07LIHS,1718719200000,1719685800000,1000
Cohort#,BUSC6H8,1722816000000,1725432180000,800
Cohort#,BACX1GY,1687746600000,1690770600000,300
Cohort#,BWG4138,1682303400000,1685068200000,300
Cohort#,B4O76J6,1734096650000,1734851094000,1000
Cohort#,BUO8Q9X,1692592200000,1695702600000,10000
Cohort#,B841045,1679884248000,1682908248000,200
Cohort#,BPB0OIZ,1685932200000,1688351400000,300
Cohort#,BVS6VWS,1717717020000,1720376940000,100
Cohort#,BO39C63,1707150720000,1707237180000,1000
Cohort#,BJBSRI3,1685932200000,1688351400000,300
Cohort#,BQJZYVP,1705881600000,1708411380000,800
Cohort#,B1DASF1,1718771400000,1750307400000,1500
Cohort#,B97MSB3,1687141800000,1689561000000,300
Cohort#,BIR2JUR,1739145600000,1741675380000,800
Cohort#,BB97YFK,1712016000000,1714631340000,100
Cohort#,BIAUDJJ,1722815760000,1725560760000,100
Cohort#,B0GJMMO,1709510400000,1712040180000,800
Cohort#,BXDQS3S,1722816000000,1725432180000,800
Cohort#,BL5S9LV,1710720000000,1713249780000,800
Cohort#,B7BAEWI,1731601800000,1733589000000,500
Cohort#,BI69IH9,1705881600000,1708411380000,800
Cohort#,B4PJ6ZT,1688956200000,1691980200000,300
Cohort#,BYCJ33N,1709510400000,1712040180000,800
Cohort#,B74N6BM,1708300800000,1710830580000,800
Cohort#,BUSG4R0,1687141800000,1689561000000,300
Cohort#,BADA9MM,1712534400000,1715061600000,500
Cohort#,BQTXKUQ,1728270420000,1731208140000,1600
Cohort#,BOF4HP9,1692592200000,1695702600000,10000
Cohort#,BJIVW3L,1731284640000,1737138540000,1500
Cohort#,B2M34G3,1732539600000,1733749200000,700
Cohort#,BV5GS7J,1738405260000,1738837260000,200
Cohort#,BTNKXU9,1683513000000,1686277800000,300
Cohort#,BSD3QDT,1741721520000,1744136940000,1500
Cohort#,BBA6UHM,1682303400000,1685068200000,300
Cohort#,BD7NNBQ,1738540800000,1741070580000,800
Cohort#,BDIOWC4,1736440860000,1737736860000,10
Cohort#,BS9805Y,1733720940000,1736917740000,1300
Cohort#,BV8XKJR,1743984000000,1746686580000,800
Cohort#,B1O0AX6,1722846060000,1730362860000,1600
Cohort#,BUUQ9HZ,1687746600000,1690770600000,300
Cohort#,BFPW1YC,1682908200000,1685413800000,300
Cohort#,B3O2AY2,1708178400000,1708626540000,1000
Cohort#,B659335,1676860202000,1679279402000,200
Cohort#,BAWG384,1721604600000,1724264700000,1395
Cohort#,BF9VTA5,1722816000000,1725432180000,800
Cohort#,B51IYJF,1733097600000,1735627380000,800
Cohort#,BY5Z7YQ,1681093800000,1683945000000,300
Cohort#,BEHIKVZ,1704412800000,1727764980000,800
Cohort#,B60TR6Y,1713139200000,1715666400000,500
Cohort#,BO06LY4,1736121600000,1738651380000,800
Cohort#,B6Z7K8X,1686537000000,1689561000000,300
Cohort#,BEOGTUI,1704153600000,1706683383000,200
Cohort#,BR5GA5Y,1710720000000,1713249780000,800
Cohort#,BEM71LO,1722436200000,1725129000000,500
Cohort#,B22Z4M7,1686908100000,1704015300000,100
Cohort#,B6H6CS1,1704684646000,1707622246000,1000
Cohort#,BR8OSQT,1687141800000,1689561000000,300
Cohort#,BCP6U4P,1725235200000,1727764980000,800
Cohort#,BKD8OXN,1707091200000,1709620980000,800
Cohort#,B9E9MLX,1708300800000,1710830580000,800
Cohort#,BC2OP4Y,1679279400000,1682897400000,300
Cohort#,BFGIBZC,1728568800000,1730916900000,1600
Cohort#,B160135,1675650629000,1678069829000,200
Cohort#,BXJ4ZY8,1732719600000,1733929200000,600
Cohort#,BMLXYJT,1685932200000,1688351400000,300
Cohort#,BFEIDK3,1721845740000,1723314540000,500
Cohort#,BU93GJC,1733097600000,1735627380000,800
Cohort#,BC66O1N,1732553100000,1733850000000,500
Cohort#,BGR2926,1706466600000,1710440940000,1000
Cohort#,BJJA15D,1684981800000,1688092200000,300
Cohort#,BTDSIU4,1727047800000,1729611000000,1600
Cohort#,BZLDX4E,1734084960000,1735812960000,1600
Cohort#,B2Q91E2,1678975200000,1679234345000,250
Cohort#,BXGIU7A,1697115591000,1697425011000,1000
Cohort#,BKL3BTG,1714952400000,1717697700000,100
Cohort#,B9F5G0T,1719792000000,1722536940000,100
Cohort#,B27U4C3,1688351400000,1691202600000,300
Cohort#,BK9J9BS,1733707800000,1736188140000,800
Cohort#,BJFTWIA,1682303400000,1685068200000,300
Cohort#,BS65895,1736121600000,1738651380000,800
Cohort#,BOLWI0I,1733729400000,1736916300000,1296
Cohort#,BI4KVBL,1707091200000,1709620980000,800
Cohort#,BQWV3G7,1685932200000,1688697000000,300
Cohort#,BWWZOLU,1722211200000,1728239100000,1500
Cohort#,B526238,1676860202000,1679279402000,200
Cohort#,BUUQU7A,1688956200000,1691758800000,400
Cohort#,BEA7EBK,1710720000000,1713249780000,800
Cohort#,BKXI39Q,1731902340000,1734494340000,1600
Cohort#,BTPOSXL,1707091200000,1709620980000,800
Cohort#,BZ2Z400,1707091200000,1709620980000,800
Cohort#,B9JDHPE,1730389860000,1732117860000,1500
Cohort#,BGHT2K9,1718285400000,1719772140000,1500
Cohort#,BIYJ7BT,1705881600000,1708411380000,800
Cohort#,B532142,1676860202000,1679279402000,200
Cohort#,BZNN87C,1690165800000,1693189800000,1000
Cohort#,BLATKTK,1691382600000,1694406600000,10000
Cohort#,BQ51JUF,1725216420000,1731246840000,1600
Cohort#,BRG4BZF,1708021800000,1715020140000,1000
Cohort#,B55GW2E,1704682800000,1707116400000,1000
Cohort#,BMP20XA,1710720000000,1713249780000,800
Cohort#,B83GPL4,1684981800000,1688092200000,300
Cohort#,B8MGXSI,1722816000000,1725432180000,800
Cohort#,BPW3254,1681093800000,1683945000000,300
Cohort#,B99NV2U,1701657023000,1704594623000,1000
Cohort#,BL4ZLQZ,1724853600000,1725643800000,1600
Cohort#,BICX8CC,1705881600000,1708411380000,800
Cohort#,BFSDT2G,1731933000000,1734525000000,500
Cohort#,BZHHWCB,1736121600000,1738651380000,800
Cohort#,BRM5R3P,1722816000000,1725432180000,800
Cohort#,BKLWRYC,1730693760000,1738296960000,1600
Cohort#,BWWT3P8,1682908200000,1685759400000,300
Cohort#,BDIHYCF,1708300800000,1710830580000,800
Cohort#,BM8CLZY,1684981800000,1688092200000,300
Cohort#,BY9NLFN,1695609000000,1699004160000,1000
Cohort#,B009549,1679884248000,1682908248000,200
Cohort#,BZVFZRS,1718582400000,1721112180000,800
Cohort#,BAYJADF,1705881600000,1708411380000,800
Cohort#,BIW17JM,1705881600000,1708411380000,800
Cohort#,BAE60JA,1712534400000,1715061600000,500
Cohort#,BB8ZI2M,1733097600000,1735627380000,800
Cohort#,B7TZEMY,1707091200000,1709620980000,800
Cohort#,BOLAJ70,1709510400000,1712040180000,800
Cohort#,B7M9P1R,1737122400000,1738348140000,1000
Cohort#,B1C7KLP,1710720000000,1713249780000,800
Cohort#,B9H2B5Q,1725235200000,1727764980000,800
Cohort#,B778ZMG,1683513000000,1686277800000,300
Cohort#,B411730,1679884248000,1682908248000,200
Cohort#,BWUXRWH,1704326400000,1706856183000,200
Cohort#,B7R4VYL,1746403200000,1748932980000,800
Cohort#,B342840,1676860202000,1679279402000,200
Cohort#,BEWYOA3,1722816000000,1725432180000,800
Cohort#,BYGCUSI,1732019400000,1734611400000,500
Cohort#,BL9RHVN,1688956200000,1691980200000,300
Cohort#,BKYPENW,1691382600000,1694406600000,10000
Cohort#,B1GZ9O4,1725235200000,1727764980000,800
Cohort#,BPFAG7E,1687960800000,1688143140000,400
Cohort#,BLPA21J,1725235200000,1727764980000,800
Cohort#,BXGJQ4K,1719834169000,1719920569000,1000
Cohort#,BFKBEGY,1732923000000,1735515000000,1500
Cohort#,BDFNVKG,1736121600000,1738651380000,800
Cohort#,BE7X8PZ,1732476600000,1738257660000,1500
Cohort#,BHOGB9U,1683513000000,1686277800000,300
Cohort#,BO30ZFX,1719792000000,1722493740000,100
Cohort#,B8GA8LI,1730678400000,1733208180000,800
Cohort#,BZ0UFZ0,1720625400000,1722407400000,100
Cohort#,BFGEIG3,1682303400000,1685068200000,300
Cohort#,BCFL1UV,1736726400000,1739256180000,800
Cohort#,B610795,1676860202000,1679279402000,200
Cohort#,B7ZEL3I,1688524200000,1691202600000,300
Cohort#,BQP7JTZ,1685932200000,1688351400000,300
Cohort#,BZAXUO0,1730678400000,1733208180000,800
Cohort#,BNQ8EX5,1713139200000,1715666400000,500
Cohort#,BBSWRE6,1727107500000,1732896300000,1600
Cohort#,BVD9KOU,1693317600000,1693585800000,1000
Cohort#,BPJSBKI,1738758600000,1740568800000,500
Cohort#,BP9ZV19,1739196000000,1740335340000,1700
Cohort#,BVUVO6T,1736245200000,1738318800000,500
Cohort#,BV7KX3M,1686897180000,1704004380000,1000
Cohort#,B2BTM6W,1686157980000,1687453980000,33
Cohort#,B7EO9M2,1736121600000,1738651380000,800
Cohort#,BDSDCKJ,1736843400000,1738571400000,500
Cohort#,B914746,1678167000000,1680629400000,1500
Cohort#,BIT7F56,1738827840000,1738827840000,400
Cohort#,BVU976G,1686537000000,1689561000000,300
Cohort#,B3FIWSL,1722816000000,1725432180000,800
Cohort#,B5T6UF3,1726099200000,1728691200000,500
Cohort#,B46DBXG,1713139200000,1715666400000,500
Cohort#,BHB4AON,1730678400000,1733208180000,800
Cohort#,BCP25HA,1736121600000,1738651380000,800
Cohort#,B5YY6L7,1704463200000,1704819600000,1000
Cohort#,BME47JM,1732923000000,1735515000000,1500
Cohort#,BP6VD9E,1712534400000,1715061600000,500
Cohort#,BND8MG4,1736612700000,1737390300000,1500
Cohort#,B642RSJ,1708300800000,1710830580000,800
Cohort#,BGNV2JK,1738540800000,1741070580000,800
Cohort#,BLQL34M,1706536805000,1706898545000,1000
Cohort#,B5SD5PP,1718582400000,1721112180000,800
Cohort#,BEMC4AS,1732727700000,1733937900000,500
Cohort#,BD1ADSC,1691980200000,1694870100000,400
Cohort#,BBEJUKS,1685932200000,1714753800000,100
Cohort#,BT4YTCR,1715297400000,1746833400000,1550
Cohort#,B022097,1675650629000,1678069829000,200
Cohort#,B9A9CKD,1688524200000,1691202600000,300
Cohort#,BOU3B1C,1688524200000,1691202600000,300
Cohort#,BTNEOHG,1684981800000,1688092200000,300
Cohort#,BLRE7F3,1737088200000,1738348140000,500
Cohort#,BRHGPWW,1713139200000,1715666400000,500
Cohort#,BKQTD62,1738592280000,1738754340000,1000
Cohort#,BGWZVZK,1719018000000,1724073600000,100
Cohort#,BLCA83W,1678069800000,1680521400000,200
Cohort#,BSS2JV0,1733702400000,1735713780000,800
Cohort#,BOMTXL2,1709510400000,1712040180000,800
Cohort#,B7WUCH2,1709510400000,1712040180000,800
Cohort#,BFEG6ER,1732284000000,1733497560000,1600
Cohort#,BKF5HSH,1718771820000,1750221420000,1500
Cohort#,B0MOCUQ,1704412800000,1725432180000,800
Cohort#,B0I9OJ5,1730444694000,1765017240000,1000
Cohort#,BSU5UUI,1710720000000,1713249780000,800
Cohort#,B395075,1679884248000,1682908248000,200
Cohort#,BNMDI03,1712534400000,1715061600000,500
Cohort#,BSOBBC4,1682303400000,1685068200000,300
Cohort#,BQMAS29,1682908200000,1685413800000,300
Cohort#,BUA3QIQ,1687141800000,1689561000000,300
Cohort#,BPTJ76W,1726457160000,1727666820000,1600
Cohort#,BKXA704,1706484600000,1766597400000,1113
Cohort#,BVQO1WV,1736857800000,1738582620000,500
Cohort#,BKXMJSB,1708300800000,1710830580000,800
Cohort#,B44M6XI,1746403200000,1748932980000,800
Cohort#,BQH2HGO,1719792000000,1722321780000,800
Cohort#,B2Y7ISP,1738884600000,1740767340000,1500
Cohort#,BKB1X4V,1686537000000,1689561000000,300
Cohort#,BL72QAF,1710720000000,1713249780000,800
Cohort#,BRODREC,1688956200000,1691980200000,300
Cohort#,BYZZO85,1736121600000,1738651380000,800
Cohort#,BN3YXNK,1724038020000,1726802820000,1600
Cohort#,BL3QSPA,1714743000000,1715538540000,1500
Cohort#,BT23K6F,1682908200000,1685413800000,300
Cohort#,BXNSMSM,1730678400000,1733208180000,800
Cohort#,BU24P84,1691382600000,1694406600000,10000
Cohort#,BSPNPP3,1681093800000,1683545400000,200
Cohort#,B1NTVT9,1730678400000,1733208180000,800
Cohort#,BWWK6YI,1704682320000,1707119520000,1000
Cohort#,BGVPYU2,1685932200000,1688351400000,300
Cohort#,BI2WCL3,1702363383000,1705041783000,500
Cohort#,BD7WVL3,1708300800000,1710830580000,800
Cohort#,BMYSZAZ,1733097600000,1735627380000,800
Cohort#,B881023,1678674648000,1681698648000,200
Cohort#,B33R57T,1701707516000,1704731516000,212
Cohort#,B486040,1675650629000,1678642200000,200
Cohort#,BK96S4M,1733714160000,1740280560000,1600
Cohort#,BG6CMTT,1724628600000,1730115000000,1600
Cohort#,B6WO05F,1708300800000,1710830580000,800
Cohort#,BVNM15F,1746659400000,1748024940000,1500
Cohort#,BVKPKEH,1704684646000,1707622246000,1000
Cohort#,BNSP54B,1688524200000,1691202600000,300
Cohort#,B5CQM8K,1733097600000,1735627380000,800
Cohort#,BI7GDGX,1688524200000,1691202600000,300
Cohort#,BUHXBPD,1691382600000,1694406600000,10000
Cohort#,B8S9168,1728862200000,1731425400000,1600
Cohort#,BFRGKB7,1690165800000,1693189800000,1000
Cohort#,BX2UIX8,1708300800000,1710830580000,800
Cohort#,BTAOO02,1687746600000,1690770600000,300
Cohort#,BF4BFUA,1709906400000,1710527340000,1000
Cohort#,B4NO09U,1704681540000,1707118740000,1000
Cohort#,B7FER17,1691382600000,1694406600000,100000
Cohort#,B6HJVQ9,1728271080000,1734232680000,1600
Cohort#,BBRLB06,1719792000000,1722321780000,800
Cohort#,BYDJL4V,1718582400000,1721112180000,800
Cohort#,BC29CM9,1705881600000,1708411380000,800
Cohort#,B8XH6YX,1682908200000,1685413800000,300
Cohort#,BSAEM4Q,1707091200000,1709620980000,800
Cohort#,BR3L6KU,1690165800000,1693189800000,1000
Cohort#,BXOMKWW,1683516660000,1686277800000,300
Cohort#,BWMC051,1725235200000,1727764980000,800
Cohort#,B937447,1675650629000,1678069829000,200
Cohort#,BB4O7C5,1722814620000,1725432180000,800
Cohort#,BUO3NWZ,1711997700000,1743591300000,1800
Cohort#,B7SC3G0,1687614780000,1706622780000,1000
Cohort#,B5E6CQM,1730366760000,1731662820000,1500
Cohort#,BHMT70S,1725235200000,1727764980000,800
Cohort#,BX3WL7Q,1742160540000,1745260140000,1800
Cohort#,BOFM6B0,1712534400000,1715061600000,500
Cohort#,BHWXIFK,1701657023000,1704594623000,1000
Cohort#,BQ7DPNA,1705881600000,1708411380000,800
Cohort#,BSQOBO9,1734357600000,1735834380000,1600
Cohort#,B044U2W,1723487340000,1726165740000,500
Cohort#,BX4GLD5,1681093800000,1683945000000,300
Cohort#,B2MZLBI,1683340200000,1719487800000,1000
Cohort#,BRMGCCZ,1728655200000,1730917740000,1600
Cohort#,BIORANF,1689602400000,1692367200000,450
Cohort#,BS3IQ0S,1712534400000,1715061600000,500
Cohort#,BL7CZ2R,1690209000000,1693413000000,200
Cohort#,B422062,1675650629000,1678069829000,200
Cohort#,BUPJ1AQ,1693803611000,1699022736000,1000
Cohort#,BY3OW6Q,1709510400000,1712040180000,800
Cohort#,BMB6P05,1701707516000,1704731516000,210
Cohort#,BO2R5FJ,1731274800000,1738316400000,1600
Cohort#,B63POII,1687746600000,1690770600000,300
Cohort#,BRDTHL0,1701657023000,1704594623000,1000
Cohort#,BMN4PLX,1737072000000,1738364340000,950
Cohort#,BG1EWQJ,1712534400000,1715061600000,500
Cohort#,B6SLHRQ,1729864800000,1731004140000,1600
Cohort#,BLXROZX,1690165800000,1693189800000,1000
Cohort#,B4ZA0FL,1720031340000,1721137260000,700
Cohort#,B4IO744,1704684646000,1707622246000,1000
Cohort#,BHLDE42,1684549800000,1687710600000,200
Cohort#,B456456,1678167000000,1680629400000,1500
Cohort#,B705367,1675143000000,1678037400000,1500
Cohort#,B671711,1680499800000,1682962200000,1500
Cohort#,BXIMZ0X,1738540800000,1741070580000,1200
Cohort#,B4XA1I3,1742772660000,1745864940000,1800
Cohort#,BDDR74V,1743984000000,1746686580000,800
Cohort#,B442572,1680499800000,1682962200000,1500
Cohort#,B765871,1675143000000,1678037400000,1500
Cohort#,B789736,1673391625000,1673394325000,40
Cohort#,B395238,1678167000000,1680629400000,1500
Cohort#,BOQ24ZG,1736724600000,1741890540000,1500
Cohort#,BSEV9QO,1716852600000,1748456940000,1730
Cohort#,B7KP64R,1746403200000,1748932980000,800
Cohort#,B6R9JVJ,1740960000000,1743489780000,800
Cohort#,BEPUGN5,1743984000000,1746686580000,800
Cohort#,B5RX7YO,1740960000000,1743489780000,1500
Cohort#,B6U8KTZ,1728302160000,1759233360000,1600
Cohort#,B8NALTQ,1741897860000,1743445740000,1800
Cohort#,BZG6H77,1740364260000,1742840940000,1800
Cohort#,BWHWICD,1744321800000,1746726660000,1500
Cohort#,B4IA5YX,1740960000000,1743489780000,800
Cohort#,BDKDJPI,1739215860000,1741631340000,1500
Cohort#,BT0YWFT,1740960000000,1743489780000,800
Cohort#,BMV2RDY,1741781820000,1746793020000,1800
Cohort#,BVHPNLI,1736469000000,1741627980000,1500
Cohort#,BHCQH7Y,1746403200000,1748932980000,800
Cohort#,BLERFAH,1741305540000,1742579940000,1500
Cohort#,BG3G48P,1718859720000,1750482120000,1500
Cohort#,BO7K5LF,1724032440000,1755568500000,1600
Cohort#,BR5D6O2,1740960000000,1743489780000,800
Cohort#,B6YPZ5W,1746403200000,1748932980000,800
Cohort#,BA2QMIG,1746403200000,1748932980000,800
Cohort#,BWAG78I,1729207800000,1760812140000,1580
Cohort#,BCZMSOQ,1740960000000,1743489780000,800
Cohort#,B0ZI1Q1,1743984000000,1746686580000,800
Cohort#,BRO4MKL,1746403200000,1748932980000,800
Cohort#,B3FQ6TC,1736916540000,1766983740000,1600
Cohort#,B5OAZVQ,1743984000000,1746686580000,800
Cohort#,BFIHXUE,1743984000000,1746686580000,800
Cohort#,BJ77HPJ,1738884600000,1743960600000,1502
Cohort#,BC69M2K,1734910200000,1766446200000,1500
Cohort#,B7PFXPN,1722191400000,1753514100000,1600
Cohort#,BLETLXU,1740960000000,1743489780000,800
Cohort#,BTTMJB6,1740960000000,1743489780000,800
Cohort#,B7OKQMF,1741550520000,1746813780000,1800
Cohort#,BI3NZA2,1744588800000,1747118580000,800
Cohort#,BJZ6HXM,1732257783000,1763793783000,1500
Cohort#,BVVGVSN,1741606500000,1772796900000,1800
Cohort#,BLJK6ZC,1737934200000,1768501740000,1500
Cohort#,BP52NMZ,1746222420000,1751478420000,1202
Cohort#,BJ4QC69,1740947400000,1743013799000,1200
Cohort#,B3RI09Y,1747008000000,1749537780000,800
Cohort#,BLUOD7N,1742169600000,1744699380000,800
Cohort#,BSM8YXB,1737333000000,1768933740000,1500
Cohort#,B2KFG9C,1743984000000,1746686580000,800
Cohort#,B5QVJB6,1742169600000,1744699380000,800
Cohort#,BYDCIHI,1739145600000,1741675380000,800
Cohort#,BKQ0JI1,1747008000000,1749537780000,800
Cohort#,BZF0RQK,1744588800000,1747118580000,800
Cohort#,BX5D2L8,1743984000000,1746686580000,800
Cohort#,BR77C8S,1744588800000,1747118580000,800
Cohort#,BJ5DUT8,1746403200000,1748932980000,800
Cohort#,B1Z43A9,1744514280000,1749266280000,1500
Cohort#,BX9N6FW,1743540060000,1745432820000,1500
Cohort#,BM81DEC,1736165700000,1758543300000,1600
Cohort#,BK4VONV,1742169600000,1744699380000,800
Cohort#,BDFSXJ0,1754536680000,1759807080000,1500
Cohort#,BLD0LQ9,1747008000000,1749537780000,800
